STATE,ST_CASE,VE_TOTAL,VE_FORMS,PVH_INVL,PEDS,PERNOTMVIT,PERMVIT,PERSONS,COUNTY,CITY,DAY,MONTH,YEAR,DAY_WEEK,HOUR,MINUTE,NHS,RUR_URB,FUNC_SYS,RD_OWNER,ROUTE,TWAY_ID,TWAY_ID2,MILEPT,LATITUDE,LONGITUD,SP_JUR,HARM_EV,MAN_COLL,RELJCT1,RELJCT2,TYP_INT,WRK_ZONE,REL_ROAD,LGT_COND,WEATHER1,WEATHER2,WEATHER,SCH_BUS,RAIL,NOT_HOUR,NOT_MIN,ARR_HOUR,ARR_MIN,HOSP_HR,HOSP_MN,CF1,CF2,CF3,FATALS,DRUNK_DR
37,370414,1,1,0,0,0,1,1,155,0,3,5,2016,3,20,59,0,1,3,98,3,SR-72,,0,34.61802222,-79.010463890000,0,53,0,0,1,1,0,4,2,1,0,1,0,0000000,20,55,21,6,22,42,0,0,0,1,0
37,370415,2,2,0,0,0,2,2,125,0,30,3,2016,4,16,35,0,1,3,98,3,SR-690,SR-2204,0,35.19009444,-79.141655560000,0,12,6,0,2,3,0,1,1,10,0,10,0,0000000,16,45,17,18,17,53,0,0,0,1,0
37,370416,1,1,0,1,1,1,1,119,870,19,4,2016,3,13,31,0,2,7,98,6,MONROE RD,,0,35.19701111,-80.791777780000,0,8,0,0,1,1,0,1,1,1,0,1,0,0000000,13,33,13,39,14,1,0,0,0,1,0
37,370417,1,1,0,0,0,1,1,195,0,30,4,2016,7,2,45,0,1,3,98,3,SR-1106,SR-1100,0,35.63293611,-78.085488890000,0,34,0,0,3,3,0,4,2,1,0,1,0,0000000,3,25,3,44,88,88,0,0,0,1,1
37,370418,1,1,0,0,0,1,1,19,0,12,5,2016,5,16,26,0,1,3,98,3,SR-87,,0,34.28638889,-78.139713890000,0,34,0,0,1,1,0,4,1,2,0,2,0,0000000,16,15,16,28,88,88,0,0,0,1,0
37,370419,1,1,0,1,1,1,1,23,3130,15,5,2016,1,21,26,0,2,7,98,6,W FLEMING DR,,0,35.73036944,-81.703683330000,0,8,0,0,1,1,0,1,3,1,0,1,0,0000000,21,27,21,29,21,59,0,0,0,1,0
37,370420,2,2,0,0,0,2,2,47,0,4,5,2016,4,13,56,0,1,3,98,3,SR-87,SR-1817,0,34.37616944,-78.277391670000,0,12,2,0,2,2,0,1,1,1,0,1,0,0000000,13,43,13,44,88,88,0,0,0,1,0
37,370421,2,2,0,0,0,6,6,57,2620,1,5,2016,1,2,45,1,2,1,1,1,I-85,,0,35.83398056,-80.261516670000,0,12,1,0,1,1,0,1,2,2,0,2,0,0000000,2,51,3,5,99,99,0,0,0,1,1
37,370422,3,3,0,0,0,3,3,57,0,11,5,2016,4,20,45,0,2,3,98,3,SR-109,,0,36.00478611,-80.132202780000,0,12,8,0,1,1,0,1,2,1,0,1,0,0000000,20,45,20,51,21,36,0,0,0,1,0
37,370423,1,1,0,1,1,1,1,65,0,10,5,2016,3,17,27,0,1,3,98,3,SR-111,,0,35.89056111,-77.526105560000,0,53,0,0,1,1,0,4,1,1,0,1,0,0000000,17,29,17,33,18,25,0,0,0,1,1
37,370424,1,1,0,0,0,2,2,67,2430,10,5,2016,3,7,44,1,2,3,1,2,US-421,,0,36.10958889,-80.080594440000,0,35,0,0,1,1,0,4,1,1,0,1,0,0000000,99,99,99,99,99,99,0,0,0,1,0
37,370425,2,2,0,0,0,2,2,81,0,5,5,2016,5,11,7,0,1,3,98,3,SR-1850,,0,36.07451111,-79.996686110000,0,12,6,0,1,1,0,1,1,2,10,2,0,0000000,11,4,11,13,88,88,0,0,0,1,0
37,370426,1,1,0,0,0,1,1,81,1940,10,5,2016,3,21,53,0,2,7,98,6,KOGER BLVD,,0,36.05058056,-79.882283330000,0,42,0,0,1,1,0,3,3,1,0,1,0,0000000,21,53,22,5,22,23,0,0,0,1,0
37,370427,2,2,0,1,1,5,5,81,2170,14,5,2016,7,21,16,0,2,7,98,6,BRENTWOOD ST,,0,35.95029722,-79.979669440000,0,9,0,0,1,1,0,1,3,1,0,1,0,0000000,21,17,21,21,21,41,0,0,0,1,0
37,370428,1,1,0,0,0,1,1,81,2170,17,5,2016,3,4,39,0,2,7,98,6,S UNIVERSITY PW,E KEARNS AVE,0,35.98520278,-80.000583330000,0,24,0,0,3,2,0,3,3,10,0,10,0,0000000,4,44,4,51,88,88,0,0,0,1,1
37,370429,1,1,0,0,0,1,1,105,0,16,5,2016,2,22,13,0,1,3,98,3,SR-1537,,0,35.48270556,-79.102961110000,0,53,0,0,1,1,0,4,2,1,0,1,0,0000000,22,12,22,20,22,46,0,0,0,1,1
37,370430,1,1,0,1,1,1,1,129,5060,6,5,2016,6,12,47,0,2,7,98,6,S 10TH ST,,0,34.23092222,-77.935969440000,0,33,0,0,1,1,0,4,1,1,0,1,0,0000000,12,47,12,52,99,99,0,0,0,1,0
37,370431,2,2,0,0,0,4,4,129,0,14,5,2016,7,12,29,1,1,3,1,2,US-421,,0,34.20251111,-77.940658330000,0,12,2,0,1,1,0,1,1,1,0,1,0,0000000,12,26,12,34,99,99,0,0,0,1,1
37,370432,2,2,0,0,0,3,3,133,0,1,5,2016,1,15,8,1,1,3,1,2,US-258,,0,34.75260000,-77.454366670000,0,12,6,0,4,1,0,1,1,2,0,2,0,0000000,15,9,15,15,88,88,0,0,0,1,0
37,370433,2,2,0,0,0,2,2,133,0,8,5,2016,1,1,40,1,1,3,1,2,US-17,,0,34.49607222,-77.553833330000,0,24,0,0,1,1,0,4,2,1,0,1,0,0000000,99,99,99,99,88,88,20,0,0,2,0
37,370434,2,2,0,0,0,4,4,147,1950,15,5,2016,1,13,47,0,2,3,98,3,SR-43,,0,35.60026944,-77.395472220000,0,12,6,0,1,1,0,1,1,1,0,1,0,0000000,13,55,14,1,14,18,0,0,0,1,0
37,370435,1,1,0,2,2,1,1,155,0,14,5,2016,7,17,35,0,1,3,98,3,SR-1527,,0,34.63951667,-79.092463890000,0,34,0,0,1,1,0,4,1,1,0,1,0,0000000,17,35,17,44,99,99,0,0,0,1,0
37,370436,2,2,0,0,0,2,2,163,0,13,5,2016,6,16,23,1,1,3,1,2,US-701,,0,34.78499167,-78.395350000000,0,12,2,0,1,1,0,1,1,1,0,1,0,0000000,16,20,16,36,88,88,0,0,0,1,0
37,370437,1,1,0,0,0,1,1,71,0,14,3,2016,2,20,31,1,1,3,1,2,US-74,,0,35.25003611,-81.071808330000,0,53,0,0,1,1,0,4,2,2,0,2,0,0000000,20,23,20,24,20,50,0,0,0,1,0
37,370438,2,2,0,0,0,2,2,171,0,4,3,2016,6,13,0,1,1,1,1,1,I-77,,0,36.26347500,-80.824605560000,0,57,0,0,1,1,0,3,1,1,0,1,0,0000000,12,30,12,45,13,20,0,0,0,1,0
37,370439,1,1,0,1,1,3,3,57,4590,9,4,2016,7,21,5,0,2,7,98,6,RANDOLPH ST,PEOPLES PROFESSIONAL,0,35.86653611,-80.071861110000,0,8,0,0,3,2,0,1,3,1,0,1,0,0000000,20,28,20,31,21,12,0,0,0,1,0
37,370440,2,2,0,0,0,2,2,89,1674,14,4,2016,5,7,2,1,2,3,1,2,US-25,,0,35.43587778,-82.502430560000,0,12,2,0,1,1,0,1,4,1,0,1,0,0000000,7,2,7,16,88,88,0,0,0,1,0
37,370441,3,3,0,1,1,6,6,21,0,15,5,2016,1,20,55,1,1,1,1,1,I-26,,0,35.54775556,-82.606538890000,0,8,0,0,1,1,0,1,2,1,0,1,0,0000000,20,54,20,57,88,88,0,0,0,1,0
37,370442,1,1,0,0,0,2,2,21,0,19,5,2016,5,16,52,0,1,3,98,3,SR-63,,0,35.59040556,-82.602686110000,0,42,0,0,1,1,0,4,1,1,0,1,0,0000000,16,40,16,51,17,30,0,0,0,1,1
37,370443,1,1,0,0,0,1,1,39,80,1,5,2016,1,8,47,1,2,3,1,2,US-19,,0,35.20668611,-83.819402780000,0,30,0,0,1,1,0,4,1,10,0,10,0,0000000,8,47,8,49,9,21,0,0,0,1,0
37,370444,1,1,0,0,0,1,1,57,0,17,5,2016,3,16,29,0,1,3,98,3,SR-1453,,0,35.88661389,-80.279041670000,0,1,0,0,1,1,0,4,1,1,0,1,0,0000000,16,28,16,36,88,88,0,0,0,1,1
37,370445,2,2,0,0,0,2,2,67,937,18,5,2016,4,13,56,0,2,3,98,3,SR-1156,,0,36.07688611,-80.389288890000,0,12,6,0,4,1,0,1,1,1,0,1,0,0000000,13,54,14,1,88,88,0,0,0,1,0
37,370446,2,2,0,0,0,4,4,83,0,2,5,2016,2,8,57,0,1,3,98,3,SR-48,SR-561,0,36.27612778,-77.853841670000,0,12,6,0,2,2,0,1,1,1,0,1,0,0000000,8,53,9,3,9,40,0,0,0,1,0
37,370447,2,2,0,0,0,2,2,113,0,14,5,2016,7,10,47,1,1,3,1,2,US-23,,0,35.23506944,-83.342508330000,0,12,7,0,1,1,0,1,1,1,0,1,0,0000000,10,46,10,52,88,88,0,0,0,1,0
37,370448,2,2,0,0,0,2,2,115,0,21,5,2016,7,11,38,0,1,5,98,3,SR-209,,99999,35.77307778,-82.873608330000,0,12,8,0,1,1,0,1,1,10,0,10,0,0000000,11,36,12,4,88,88,0,0,0,1,0
37,370449,1,1,0,0,0,1,1,127,0,21,5,2016,7,14,11,0,1,5,98,3,SR-97,,99999,35.85266389,-78.004361110000,0,34,0,0,1,1,0,4,1,1,0,1,0,0000000,14,5,14,15,88,88,0,0,0,1,0
37,370450,2,2,0,0,0,2,2,129,5060,10,5,2016,3,7,17,1,2,3,98,2,US-117,KERR AVE,99999,34.21225278,-77.886508330000,0,12,6,0,2,2,0,1,1,1,0,1,0,0000000,7,19,7,23,88,88,20,0,0,1,0
37,370451,1,1,0,0,0,2,2,151,0,23,5,2016,2,2,44,0,1,5,98,4,CR-1518,,99999,35.80260556,-79.852358330000,0,34,0,0,1,1,0,4,2,1,0,1,0,0000000,2,39,2,49,88,88,0,0,0,2,1
37,370452,1,1,0,0,0,2,2,153,0,8,5,2016,1,19,42,0,1,7,98,4,CR-1486,,99999,34.99167222,-79.630555560000,0,34,0,0,1,1,0,4,1,1,0,1,0,0000000,20,56,21,6,99,99,0,0,0,1,1
37,370453,2,2,0,0,0,2,2,167,0,18,5,2016,4,10,11,1,1,3,98,2,US-52,,99999,35.25170000,-80.157652780000,0,12,2,0,1,1,0,1,1,10,0,10,0,0000000,10,8,10,17,88,88,0,0,0,1,0
37,370454,2,2,0,0,0,2,2,179,2290,18,5,2016,4,12,49,0,1,5,98,4,CR-1501,,99999,35.06979722,-80.607255560000,0,12,2,0,1,1,0,1,1,1,0,1,0,0000000,12,48,12,52,13,38,0,0,0,1,0
37,370455,2,2,0,1,1,4,4,183,0,20,5,2016,6,23,6,1,2,3,98,2,US-70,,99999,35.67323611,-78.514155560000,0,12,1,0,1,1,0,1,2,10,2,2,0,0000000,23,3,23,14,23,36,15,0,0,1,0
37,370456,2,2,0,0,0,3,3,193,0,23,5,2016,2,6,34,0,1,5,98,4,CR-1002,,99999,36.27687222,-81.104463890000,0,12,2,0,1,1,0,1,1,1,0,1,0,0000000,6,35,6,47,99,99,0,0,0,1,0
37,370457,1,1,0,0,0,1,1,195,0,17,5,2016,3,8,21,0,1,7,98,4,CR-1154,,99999,35.69225000,-78.029375000000,0,35,0,0,1,1,0,4,1,1,0,1,0,0000000,8,25,8,29,88,88,0,0,0,1,0
37,370458,1,1,0,0,0,1,1,199,0,14,5,2016,7,4,38,0,1,5,98,3,SR-197,,99999,35.88234167,-82.321233330000,0,35,0,0,1,1,0,4,2,1,0,1,0,0000000,4,34,4,52,88,88,0,0,0,1,1
37,370459,1,1,0,0,0,1,1,179,0,16,4,2016,7,6,15,0,1,3,98,3,SR-2115,,0,34.81582222,-80.424655560000,0,43,0,0,1,1,0,4,4,1,0,1,0,0000000,6,7,6,17,99,99,0,0,0,1,1
37,370460,1,1,0,0,0,2,2,17,1470,9,5,2016,2,23,52,0,2,7,98,6,MLK DR,,0,34.61741667,-78.620169440000,0,42,0,0,1,1,0,4,3,1,0,1,0,0000000,23,54,23,59,0,26,0,0,0,2,1
37,370461,2,2,0,0,0,2,2,35,2150,17,5,2016,3,2,13,1,2,1,1,1,I-40,,0,35.70682778,-81.275141670000,0,12,1,0,20,1,0,1,3,1,0,1,0,0000000,2,13,2,19,2,37,0,0,0,1,0
37,370462,1,1,0,0,0,1,1,37,0,26,5,2016,5,9,20,0,1,3,98,3,SR-751,,0,35.72205833,-79.177063890000,0,34,0,0,1,1,0,4,1,1,0,1,0,0000000,9,15,9,25,88,88,0,0,0,1,0
37,370463,2,2,0,0,0,4,4,47,0,21,5,2016,7,8,30,0,1,3,98,3,SR-410,,0,34.32091389,-78.826413890000,0,12,6,0,1,1,0,1,1,10,2,2,0,0000000,99,99,99,99,99,99,0,0,0,1,1
37,370464,2,2,0,0,0,3,3,53,0,19,5,2016,5,9,12,0,1,3,98,3,SR-34,,0,36.35175556,-76.152761110000,0,12,6,0,1,1,0,1,1,1,0,1,0,0000000,9,11,9,19,10,2,0,0,0,1,0
37,370465,1,1,0,1,1,1,1,53,0,30,5,2016,2,20,50,0,1,3,98,3,SR-1131,,0,36.25948889,-75.884941670000,0,8,0,0,1,1,0,1,2,10,0,10,0,0000000,20,51,20,56,22,9,0,0,0,1,0
37,370466,1,1,0,0,0,1,1,65,0,30,5,2016,2,19,35,0,1,3,98,3,SR-1101,,0,35.69011111,-77.662944440000,0,43,0,0,1,1,0,4,1,10,0,10,0,0000000,19,39,19,47,88,88,0,0,0,1,1
37,370467,1,1,0,1,1,1,1,97,4430,21,5,2016,7,0,12,1,2,3,1,2,US-21,,0,35.80743056,-80.876400000000,0,8,0,0,1,1,0,1,3,2,0,2,0,0000000,0,3,0,6,99,99,0,0,0,1,0
37,370468,1,1,0,0,0,1,1,101,0,26,5,2016,5,16,36,1,1,1,1,1,I-95,,0,35.49109444,-78.347636110000,0,42,0,0,1,1,0,4,1,1,0,1,0,0000000,16,35,16,43,88,88,0,0,0,1,0
37,370469,2,2,0,0,0,4,4,109,2660,27,5,2016,6,15,5,0,2,7,98,6,S GENERALS BLVD,,0,35.45445833,-81.243169440000,0,12,1,0,1,1,0,1,1,10,0,10,0,0000000,15,5,15,11,15,28,0,0,0,1,0
37,370470,1,1,0,0,0,1,1,69,0,17,5,2016,3,23,42,0,1,3,98,3,SR-1123,,0,99.99990000,999.999900000000,0,35,0,0,1,1,0,4,2,10,0,10,0,0000000,23,34,23,48,0,17,0,0,0,1,1
37,370471,1,1,0,1,1,4,4,119,870,12,5,2016,5,21,51,1,2,1,1,1,I-485,,0,35.32261944,-80.940050000000,0,8,0,0,1,1,0,3,2,2,0,2,0,0000000,21,45,21,57,88,88,19,0,0,1,0
37,370472,1,1,0,0,0,1,1,125,0,26,5,2016,5,14,6,0,1,3,98,3,SR-1843,,0,35.24219167,-79.376855560000,0,42,0,0,1,1,0,4,1,1,0,1,0,0000000,99,99,99,99,88,88,0,0,0,1,1
37,370473,1,1,0,0,0,2,2,127,0,25,5,2016,4,3,56,1,1,1,1,1,I-95,,0,35.97235833,-77.881483330000,0,42,0,0,1,1,0,3,2,1,0,1,0,0000000,3,52,4,20,99,99,0,0,0,1,0
37,370474,1,1,0,0,0,1,1,127,0,28,5,2016,7,7,31,0,1,3,98,3,SR-58,,0,36.07495278,-78.048688890000,0,42,0,0,1,1,0,4,1,1,0,1,0,0000000,7,17,7,37,99,99,0,0,0,1,0
37,370475,1,1,0,0,0,1,1,149,0,26,5,2016,5,10,50,1,1,1,1,1,I-26,,0,35.24060000,-82.204933330000,0,1,0,0,1,1,0,4,1,1,0,1,0,0000000,10,46,10,52,88,88,0,0,0,1,1
37,370476,1,1,0,0,0,2,2,167,0,24,5,2016,3,17,21,0,1,3,98,3,SR-1001,,0,35.22697222,-80.428475000000,0,42,0,0,1,1,0,4,1,1,0,1,0,0000000,17,33,17,52,18,31,0,0,0,1,1
37,370477,2,2,0,0,0,2,2,167,0,27,5,2016,6,14,19,0,1,3,98,3,SR-1542,SR-1524,0,35.40131389,-80.150566670000,0,12,6,0,2,2,0,1,1,1,0,1,0,0000000,14,15,14,21,14,55,0,0,0,1,0
37,370478,1,1,0,0,0,1,1,179,0,24,5,2016,3,0,52,0,1,3,98,3,SR-1740,,0,34.98463611,-80.373638890000,0,34,0,0,1,1,0,4,2,1,0,1,0,0000000,99,99,99,99,88,88,0,0,0,1,1
37,370479,2,2,0,0,0,2,2,183,0,25,5,2016,4,21,11,1,1,3,1,2,US-401,FORESTVILLE RD,0,35.89595278,-78.506727780000,0,12,6,0,2,2,0,1,2,1,0,1,0,0000000,21,5,21,14,99,99,0,0,0,1,0
37,370480,2,2,0,0,0,2,2,189,560,24,5,2016,3,11,37,0,2,7,98,6,E KING ST,JEFFERSON RD,0,36.21904444,-81.659466670000,0,12,6,0,2,2,0,1,1,1,0,1,0,0000000,99,99,99,99,99,99,0,0,0,1,1
37,370481,1,1,0,0,0,2,2,197,0,28,5,2016,7,15,39,0,1,3,98,3,SR-1605,,0,99.99990000,999.999900000000,0,32,0,0,1,1,0,4,1,1,0,1,0,0000000,15,20,15,26,16,9,0,0,0,1,1
37,370482,1,1,0,0,0,3,3,129,0,24,4,2016,1,9,20,0,2,4,98,4,CR-1576,,99999,34.05656111,-77.900630560000,0,59,0,0,1,1,0,4,1,1,0,1,0,0000000,9,22,9,27,9,48,0,0,0,1,0
37,370483,1,1,0,0,0,1,1,1,700,25,5,2016,4,6,16,0,1,3,98,3,SR-49,,99999,36.08327778,-79.429313890000,0,33,0,0,1,1,0,4,1,1,0,1,0,0000000,6,15,6,26,88,88,0,0,0,1,0
37,370484,1,1,0,0,0,1,1,9,0,27,5,2016,6,19,56,0,1,7,98,4,CR-1155,,99999,36.38833889,-81.438030560000,0,17,0,0,1,1,0,4,1,1,0,1,0,0000000,19,54,20,2,88,88,0,0,0,1,1
37,370485,2,2,0,0,0,3,3,47,0,31,5,2016,3,9,22,0,1,5,98,3,SR-410,,99999,34.23586667,-78.823638890000,0,12,2,0,1,1,0,1,1,10,0,10,0,0000000,8,43,8,53,99,99,0,0,0,1,0
37,370486,1,1,0,1,1,1,1,49,3250,29,5,2016,1,21,14,0,2,3,98,3,SR-55,,99999,35.14155833,-77.103150000000,0,8,0,0,1,1,0,1,3,10,0,10,0,0000000,21,18,21,23,21,56,0,0,0,1,0
37,370487,1,1,0,0,0,3,3,51,0,29,5,2016,1,18,58,0,1,4,98,4,CR-200,,99999,35.02918611,-78.829919440000,0,34,0,0,1,1,0,4,1,10,2,2,0,0000000,99,99,99,99,99,99,0,0,0,1,1
37,370488,1,1,0,1,1,1,1,51,1670,31,5,2016,3,22,36,0,2,7,98,6,CLIFFDALE ROAD,,99999,35.05875278,-78.985327780000,0,8,0,0,1,1,0,1,3,1,0,1,0,0000000,22,36,22,39,23,9,0,0,0,1,0
37,370489,3,3,0,0,0,3,3,67,0,27,5,2016,6,15,39,0,1,5,98,4,CR-1969,CR-1971,99999,36.20278056,-80.058336110000,0,12,2,0,2,3,0,1,1,1,0,1,0,0000000,15,9,15,18,15,51,0,0,0,1,0
37,370490,2,2,0,0,0,2,2,67,5120,29,5,2016,1,1,23,0,2,7,98,6,CR-1891,LOCKSLEY LANE,99999,36.10918889,-80.324008330000,0,12,2,0,1,1,0,1,3,10,0,10,0,0000000,1,16,1,22,1,43,0,0,0,1,1
37,370491,1,1,0,0,0,1,1,67,0,27,5,2016,6,20,19,0,2,4,98,3,SR-65,,99999,36.25276389,-80.250191670000,0,42,0,0,1,1,0,4,5,1,0,1,0,0000000,20,12,20,27,20,48,0,0,0,1,1
37,370492,2,2,0,0,0,2,2,71,0,25,5,2016,4,16,24,0,1,4,98,3,SR-216,,99999,35.27514167,-81.351602780000,0,12,6,0,1,1,0,1,1,1,0,1,0,0000000,16,22,16,41,17,6,0,0,0,1,0
37,370493,1,1,0,0,0,1,1,75,0,29,5,2016,1,17,45,1,1,3,1,2,US-129,,0,35.24876667,-83.702872220000,0,1,0,0,1,1,0,4,1,1,0,1,0,0000000,17,40,17,57,18,18,0,0,0,1,0
37,370494,2,2,0,0,0,2,2,81,0,28,5,2016,7,17,45,0,1,3,98,3,SR-3114,,0,35.98858611,-79.561375000000,0,12,6,0,4,1,0,1,1,1,0,1,0,0000000,17,44,17,59,88,88,0,0,0,1,1
37,370495,1,1,0,0,0,1,1,119,870,26,5,2016,5,19,14,0,2,7,98,6,BROOKSHIRE BLVD,,0,35.32313333,-80.942405560000,0,43,0,0,1,1,0,4,1,1,0,1,0,0000000,19,14,19,19,88,88,0,0,0,1,0
37,370496,2,2,0,1,1,4,4,147,1950,29,5,2016,1,0,35,0,2,7,98,6,COUNTY HOME RD,,0,35.55427500,-77.350477780000,0,8,0,0,1,1,0,1,2,10,0,10,0,0000000,0,34,0,40,88,88,0,0,0,1,0
37,370497,1,1,0,0,0,1,1,151,0,30,5,2016,2,0,46,0,1,3,98,3,SR-2102,,0,35.90747500,-79.779375000000,0,34,0,0,1,1,0,4,2,1,0,1,0,0000000,1,53,2,12,88,88,0,0,0,1,0
37,370498,2,2,0,0,0,2,2,155,0,27,5,2016,6,15,11,0,1,3,98,3,SR-1529,,0,34.70367222,-79.008752780000,0,12,1,0,1,1,0,1,1,1,0,1,0,0000000,15,6,15,14,15,40,0,0,0,1,1
37,370499,2,2,0,1,1,1,1,159,0,26,5,2016,5,5,4,1,1,1,1,1,I-85,,0,35.64585556,-80.476736110000,0,12,1,0,1,1,0,1,3,1,0,1,0,0000000,5,3,5,16,88,88,19,23,0,1,0
37,370500,1,1,0,0,0,2,2,183,0,28,5,2016,7,20,48,0,1,3,98,3,SR-2308,,0,35.89334722,-78.339980560000,0,34,0,0,1,1,0,4,2,1,0,1,0,0000000,20,47,20,55,22,3,0,0,0,2,1
37,370501,1,1,0,0,0,1,1,187,0,28,5,2016,7,13,40,0,1,3,98,3,SR-1126,,0,35.85957500,-76.576916670000,0,42,0,0,1,1,0,4,1,1,0,1,0,0000000,13,26,13,40,88,88,0,0,0,1,0
37,370502,2,2,0,0,0,2,2,193,0,27,5,2016,6,17,0,0,1,3,98,3,SR-1002,,0,36.36620000,-80.957241670000,0,12,6,0,4,1,0,1,1,1,0,1,0,0000000,16,52,17,8,88,88,0,0,0,1,1
37,370503,1,1,0,0,0,2,2,23,0,1,6,2016,4,22,51,0,1,3,98,3,SR-1430,,0,35.81278889,-81.659677780000,0,42,0,0,1,1,0,4,2,1,0,1,0,0000000,22,49,23,4,23,25,0,0,0,1,1
37,370504,1,1,0,0,0,1,1,27,0,5,6,2016,1,6,47,0,1,3,98,3,SR-1751,,0,35.86943611,-81.416158330000,0,59,0,0,1,1,0,4,2,1,0,1,0,0000000,6,48,6,59,88,88,0,0,0,1,1
37,370505,2,2,0,0,0,2,2,35,0,3,6,2016,6,18,25,0,2,3,98,3,SR-2029,,0,35.58242222,-81.363666670000,0,12,2,0,1,1,0,1,1,10,0,10,0,0000000,18,24,18,32,19,24,0,0,0,1,1
37,370506,2,2,0,0,0,3,3,37,0,4,6,2016,7,0,12,0,1,3,98,3,SR-1300,,0,35.67502778,-79.415700000000,0,12,2,0,1,1,0,1,2,1,0,1,0,0000000,0,11,0,27,1,39,0,0,0,2,1
37,370507,2,2,0,0,0,3,3,67,937,3,6,2016,6,23,15,1,2,1,1,1,I-40,,0,36.02953056,-80.391488890000,0,12,1,0,1,1,0,1,2,1,0,1,0,0000000,23,10,23,15,0,6,0,0,0,1,1
37,370508,2,2,0,0,0,2,2,71,1800,2,6,2016,5,19,33,0,2,7,98,6,N CHESTER ST,,0,35.28246389,-81.187894440000,0,12,2,0,1,1,0,1,1,1,0,1,0,0000000,19,35,19,39,99,99,0,0,0,1,0
37,370509,1,1,0,0,0,1,1,109,0,2,6,2016,5,14,55,0,1,3,98,3,SR-1354,,0,35.48428611,-81.182086110000,0,32,0,0,1,1,0,4,1,1,0,1,0,0000000,14,54,15,4,88,88,0,0,0,1,1
37,370510,1,1,0,0,0,2,2,155,0,4,6,2016,7,3,20,0,1,3,98,3,SR-1378,,0,34.70561667,-79.218644440000,0,34,0,0,1,1,0,4,2,1,0,1,0,0000000,3,25,3,29,4,23,20,0,0,1,1
37,370511,2,2,0,0,0,2,2,159,4070,2,6,2016,5,8,39,0,2,7,98,6,W INNES ST,,0,35.69176111,-80.481694440000,0,12,2,0,1,1,0,1,1,1,0,1,1,0000000,8,40,99,97,99,97,0,0,0,1,0
37,370512,1,1,0,0,0,1,1,171,0,5,6,2016,1,3,54,0,1,3,98,3,SR-268,,0,36.37973611,-80.477563890000,0,1,0,0,1,1,0,4,2,10,0,10,0,0000000,99,99,99,99,99,99,0,0,0,1,1
37,370513,1,1,0,0,0,1,1,183,3750,5,6,2016,1,1,22,1,2,1,1,1,I-495,,0,35.77686111,-78.558183330000,0,34,0,1,5,1,0,4,2,2,0,2,0,0000000,1,32,1,42,88,88,0,0,0,1,1
37,370514,1,1,0,1,1,4,4,183,3750,3,6,2016,6,20,56,1,2,3,1,2,US-70,,0,35.91183611,-78.780994440000,0,8,0,0,1,1,0,1,2,2,0,2,0,0000000,20,57,21,11,88,88,0,0,0,1,0
37,370515,1,1,0,0,0,1,1,39,3230,3,3,2016,5,14,39,0,2,7,98,6,LAKESIDE DRIVE,HUNTER STREET,99999,35.08513889,-84.037447220000,0,42,0,0,3,3,0,4,1,2,0,2,0,0000000,14,35,14,37,15,12,0,0,0,1,0
37,370516,2,2,0,0,0,2,2,71,0,24,3,2016,5,17,18,1,1,2,98,2,US-321,,99999,35.33021944,-81.190119440000,0,12,1,0,1,1,0,1,1,1,0,1,0,0000000,17,19,17,28,17,58,0,0,0,1,0
37,370517,1,1,0,0,0,1,1,157,0,1,4,2016,6,12,28,0,1,6,98,4,CR-1998,,99999,36.37706944,-79.694927780000,0,35,0,0,1,1,0,4,1,10,0,10,0,0000000,12,20,12,26,13,5,0,0,0,1,0
37,370518,2,2,0,0,0,5,5,23,3130,20,5,2016,6,19,47,0,2,4,98,6,CARBON CITY ROAD,,99999,35.72713889,-81.762602780000,0,12,2,0,1,1,0,1,1,10,0,10,0,0000000,19,9,19,12,19,54,0,0,0,2,0