STATE,ST_CASE,VE_TOTAL,VE_FORMS,PVH_INVL,PEDS,PERNOTMVIT,PERMVIT,PERSONS,COUNTY,CITY,DAY,MONTH,YEAR,DAY_WEEK,HOUR,MINUTE,NHS,RUR_URB,FUNC_SYS,RD_OWNER,ROUTE,TWAY_ID,TWAY_ID2,MILEPT,LATITUDE,LONGITUD,SP_JUR,HARM_EV,MAN_COLL,RELJCT1,RELJCT2,TYP_INT,WRK_ZONE,REL_ROAD,LGT_COND,WEATHER1,WEATHER2,WEATHER,SCH_BUS,RAIL,NOT_HOUR,NOT_MIN,ARR_HOUR,ARR_MIN,HOSP_HR,HOSP_MN,CF1,CF2,CF3,FATALS,DRUNK_DR
37,370728,2,2,0,0,0,2,2,159,0,21,7,2016,5,8,30,0,1,3,98,3,SR-1526,,0,35.69226944,-80.604355560000,0,34,0,0,1,1,0,4,1,1,0,1,0,0000000,8,31,8,40,99,99,0,0,0,1,0
37,370729,1,1,0,0,0,1,1,163,0,22,7,2016,6,23,49,0,1,3,98,3,SR-1222,,0,34.97182222,-78.347725000000,0,32,0,0,1,1,0,4,2,1,0,1,0,0000000,23,48,23,59,88,88,0,0,0,1,0
37,370730,2,2,0,0,0,2,2,163,0,27,7,2016,4,15,29,1,1,3,1,2,US-701,,0,35.25258889,-78.356041670000,0,12,2,0,1,1,0,1,1,1,0,1,0,0000000,15,26,15,34,16,25,0,0,0,2,0
37,370731,1,1,0,0,0,2,2,163,0,31,7,2016,1,16,25,0,1,3,1,2,US-701,,0,35.07843333,-78.325986110000,0,32,0,0,1,1,0,4,1,10,0,10,0,0000000,16,20,16,28,17,39,0,0,0,1,0
37,370732,2,2,0,0,0,4,4,165,0,23,7,2016,7,19,53,1,1,3,1,2,US-401,,0,34.75082500,-79.483416670000,0,12,8,0,1,1,0,1,1,1,0,1,0,0000000,19,48,19,54,20,26,0,0,0,1,1
37,370733,1,1,0,0,0,2,2,179,3100,24,7,2016,1,14,53,0,2,7,98,6,QUARRY RD,,0,34.97976389,-80.519163890000,0,38,0,0,1,1,0,4,9,1,0,1,0,0000000,99,99,99,99,88,88,0,0,0,2,0
37,370734,1,1,0,0,0,2,2,195,0,24,7,2016,1,16,5,0,1,3,98,3,SR-1382,,0,35.77415000,-77.993941670000,0,32,0,0,1,1,0,4,1,1,0,1,0,0000000,16,3,16,11,88,88,0,0,0,2,1
37,370735,2,2,0,0,0,3,3,21,170,27,7,2016,4,21,32,0,2,3,98,3,SR-63,,0,35.59225000,-82.614141670000,0,12,6,0,1,1,0,1,3,1,0,1,0,0000000,21,52,21,57,22,34,20,0,0,1,1
37,370736,1,1,0,0,0,1,1,51,0,27,7,2016,4,21,1,0,1,3,98,3,SR-1610,,0,35.16448889,-78.936930560000,0,34,0,0,1,1,0,4,2,1,0,1,0,0000000,99,99,99,99,99,99,0,0,0,1,1
37,370737,2,2,0,0,0,3,3,63,1360,15,7,2016,6,8,42,1,2,1,1,1,I-40,,0,35.90705556,-78.943886110000,0,12,1,0,1,1,0,1,1,1,0,1,0,0000000,8,42,8,58,9,17,0,0,0,1,0
37,370738,1,1,0,0,0,1,1,63,0,28,7,2016,5,2,4,0,1,3,98,3,SR-1926,,0,35.98802222,-78.892030560000,0,35,0,0,1,1,0,4,2,1,0,1,0,0000000,1,58,2,1,88,88,0,0,0,1,1
37,370739,1,1,0,1,1,2,2,97,3110,20,7,2016,4,19,17,0,2,7,98,6,WILLIAMSON RD,MARKETPLACE AVE,0,35.58663611,-80.874208330000,0,8,0,0,2,2,0,1,1,1,0,1,0,0000000,19,15,19,21,88,88,0,0,0,1,1
37,370740,1,1,0,0,0,1,1,119,870,22,7,2016,6,13,9,0,2,7,98,6,STATESVILLE RD,LAKEVIEW RD,0,35.33556111,-80.842652780000,0,32,0,0,3,2,0,4,1,1,0,1,0,0000000,13,10,13,15,88,88,0,0,0,1,0
37,370741,1,1,0,0,0,3,3,127,0,29,7,2016,6,14,24,1,1,3,1,2,US-64,,0,35.93238333,-78.108169440000,0,34,0,0,1,1,0,3,1,1,0,1,0,0000000,14,21,14,29,15,5,0,0,0,1,0
37,370742,2,2,0,0,0,3,3,151,0,9,7,2016,7,11,37,1,1,3,1,2,US-29,,0,35.91490278,-80.033447220000,0,12,1,0,1,1,0,1,1,1,0,1,0,0000000,11,33,11,37,88,88,0,0,0,1,0
37,370743,2,2,0,0,0,2,2,191,0,11,7,2016,2,0,4,0,1,3,98,3,SR-1333,,0,35.52446111,-78.088455560000,0,12,1,0,1,1,0,1,2,1,0,1,0,0000000,0,2,0,14,0,55,0,0,0,1,1
37,370744,1,1,0,0,0,2,2,191,0,30,7,2016,7,2,39,0,1,3,98,3,SR-1927,,0,99.99990000,999.999900000000,0,58,0,0,1,1,0,4,2,1,0,1,0,0000000,2,37,2,45,3,12,0,0,0,1,1
37,370745,2,2,0,0,0,2,2,195,0,29,7,2016,6,17,5,0,1,3,98,3,SR-58,,0,35.71481944,-77.893252780000,0,12,2,0,1,1,0,1,1,1,0,1,0,0000000,17,1,17,12,88,88,0,0,0,1,0
37,370746,1,1,0,0,0,1,1,17,0,6,8,2016,7,1,7,1,1,3,1,2,US-701,,0,34.64641111,-78.587202780000,0,24,0,0,1,1,0,4,2,1,0,1,0,0000000,0,59,1,11,2,31,0,0,0,1,1
37,370747,2,2,0,0,0,2,2,17,0,12,8,2016,6,8,12,0,1,3,98,3,SR-211,,0,34.53264444,-78.768972220000,0,12,2,0,1,1,0,1,1,1,0,1,0,0000000,8,12,8,35,9,38,0,0,0,1,0
37,370748,1,1,0,0,0,1,1,33,0,8,8,2016,2,11,4,0,1,3,98,3,SR-1523,,0,36.46548056,-79.349433330000,0,34,0,0,1,1,0,4,1,1,0,1,0,0000000,10,57,11,7,88,88,0,0,0,1,0
37,370749,1,1,0,0,0,1,1,45,0,14,8,2016,1,3,36,0,1,3,98,3,SR-1813,SR-1809,0,35.40817778,-81.572377780000,0,42,0,0,3,4,0,4,2,1,0,1,0,0000000,99,99,99,99,88,88,0,0,0,1,1
37,370750,1,1,0,0,0,1,1,47,0,1,8,2016,2,8,47,0,1,3,98,3,SR-1004,,0,34.26701111,-78.856536110000,0,34,0,0,1,1,0,4,1,1,0,1,0,0000000,8,44,8,55,9,27,0,0,0,1,0
37,370751,1,1,0,1,1,1,1,53,0,3,8,2016,4,20,52,1,1,3,1,2,US-158,,0,36.36375278,-76.118294440000,0,8,0,0,1,1,0,1,2,1,0,1,0,0000000,20,47,20,50,88,88,0,0,0,1,0
37,370752,1,1,0,1,1,1,1,53,0,10,8,2016,4,21,3,1,1,3,98,2,US-158,,99999,36.24057500,-75.876600000000,0,8,0,0,1,1,0,1,2,1,0,1,0,0000000,21,1,21,2,88,88,0,0,0,1,0
37,370753,2,2,0,0,0,3,3,67,0,5,8,2016,6,0,45,1,1,3,98,2,US-158,,99999,36.20939167,-80.069455560000,0,12,2,0,1,1,0,1,2,10,0,10,0,0000000,0,40,0,49,88,88,0,0,0,1,1
37,370754,1,1,0,0,0,1,1,67,5120,9,8,2016,3,7,54,1,2,2,98,2,US-52,,99999,36.11891944,-80.234066670000,0,25,0,0,1,1,0,3,1,1,0,1,0,0000000,7,54,8,1,8,18,0,0,0,1,0
37,370755,2,2,0,1,1,2,2,67,5120,10,8,2016,4,0,53,1,2,2,98,2,US-52,,99999,36.21541389,-80.307391670000,0,8,0,0,1,1,0,1,2,1,0,1,0,0000000,0,52,0,57,88,88,0,0,0,1,0
37,370756,2,2,0,0,0,2,2,71,0,2,8,2016,3,7,58,0,2,4,98,3,SR-275,,99999,35.34398889,-81.102891670000,0,12,2,0,1,1,0,1,1,1,0,1,0,0000000,7,54,7,58,8,39,0,0,0,1,0
37,370757,2,2,0,0,0,2,2,75,0,3,8,2016,4,13,21,0,1,5,98,3,SR-143,CR-1125,99999,35.32127778,-83.861397220000,0,12,2,0,1,1,0,1,1,10,0,10,0,0000000,99,99,99,99,99,99,0,0,0,1,0
37,370758,1,1,0,0,0,1,1,81,2170,3,8,2016,4,21,53,0,2,7,98,6,OLD MILL ROAD,,99999,36.01832222,-80.027183330000,0,1,0,0,1,1,0,4,3,10,0,10,0,0000000,21,56,22,5,88,88,0,0,0,1,1
37,370759,1,1,0,1,1,1,1,89,2130,5,8,2016,6,0,44,1,2,3,98,2,US-176,EDNEY STREET,99999,35.30505556,-82.444819440000,0,8,0,0,3,3,0,1,3,2,0,2,0,0000000,1,16,1,26,88,88,0,0,0,1,0
37,370760,2,2,0,0,0,2,2,93,0,3,8,2016,4,6,15,0,1,7,98,4,CR-1214,CR-1219,99999,35.04533611,-79.381075000000,0,12,6,0,2,2,0,1,2,1,0,1,0,0000000,6,17,6,28,7,19,0,0,0,1,0
37,370761,1,1,0,0,0,3,3,93,0,4,8,2016,5,3,33,0,1,7,98,4,CR-1101,,99999,34.89278889,-79.332738890000,0,42,0,0,1,1,0,4,2,1,0,1,0,0000000,99,99,99,99,99,99,0,0,0,1,1
37,370762,1,1,0,0,0,1,1,99,0,7,8,2016,1,16,41,0,1,4,98,3,SR-107,,99999,35.22279444,-83.140508330000,0,24,0,0,1,1,0,4,1,10,0,10,0,0000000,16,42,16,49,17,6,0,0,0,1,0
37,370763,1,1,0,0,0,2,2,101,0,4,8,2016,5,22,54,0,2,7,98,4,CR-1556,,99999,35.59787222,-78.507641670000,0,34,0,0,1,1,0,4,2,1,0,1,0,0000000,22,53,23,3,23,43,0,0,0,1,1
37,370764,1,1,0,0,0,1,1,101,0,15,8,2016,2,18,17,1,1,2,98,2,US-70,,99999,35.60436389,-78.440105560000,0,34,0,0,1,1,0,3,1,1,0,1,0,0000000,99,99,99,99,88,88,0,0,0,1,0
37,370765,2,2,0,0,0,2,2,109,0,4,8,2016,5,12,9,1,1,2,98,2,US-321,CR-1276,99999,35.53082778,-81.216905560000,0,12,6,0,2,3,0,1,1,1,0,1,0,0000000,12,6,12,10,12,53,0,0,0,1,0
37,370766,1,1,0,0,0,1,1,113,0,11,8,2016,5,17,16,0,1,7,98,4,CR-1538,,99999,35.11919167,-83.220113890000,0,42,0,0,1,1,0,4,1,1,0,1,0,0000000,17,13,17,27,88,88,0,0,0,1,0
37,370767,1,1,0,0,0,1,1,119,2280,11,8,2016,5,3,3,0,2,7,98,6,KERNS ROAD,,99999,35.37059722,-80.875622220000,0,34,0,0,1,1,0,4,2,1,0,1,0,0000000,3,2,3,13,88,88,0,0,0,1,1
37,370768,2,2,0,0,0,3,3,119,2280,11,8,2016,5,16,59,0,2,5,98,6,MCCOY ROAD,,99999,35.35537222,-80.886836110000,0,12,6,0,1,1,0,1,1,1,0,1,0,0000000,16,58,17,12,17,54,0,0,0,1,0
37,370769,1,1,0,0,0,1,1,123,0,14,8,2016,1,0,17,0,1,7,98,6,CAROLINA FOREST,,0,99.99990000,999.999900000000,0,42,0,0,1,1,0,4,2,1,0,1,0,0000000,0,20,0,37,88,88,0,0,0,1,1
37,370770,2,2,0,0,0,2,2,133,0,2,8,2016,3,11,51,0,1,3,98,3,SR-1225,,0,34.88900000,-77.559988890000,0,12,6,0,4,1,0,1,1,1,0,1,0,0000000,99,99,99,99,99,99,0,0,0,1,0
37,370771,2,2,0,0,0,3,3,137,0,9,8,2016,3,14,4,0,1,3,98,3,SR-55,,0,35.14354722,-76.828863890000,0,12,6,0,1,1,0,1,1,2,10,2,0,0000000,14,4,14,21,15,49,0,0,0,1,0
37,370772,2,2,0,0,0,3,3,155,0,3,8,2016,4,17,30,0,1,3,98,3,SR-211,,0,34.60413889,-78.965216670000,0,12,6,0,1,1,0,1,1,1,0,1,0,0000000,17,25,17,34,17,57,0,0,0,1,0
37,370773,1,1,0,0,0,1,1,155,0,8,8,2016,2,3,18,0,1,3,98,3,SR-1003,,0,34.65505000,-79.170861110000,0,42,0,0,1,1,0,4,2,1,0,1,0,0000000,99,99,99,99,88,88,0,0,0,1,0
37,370774,1,1,0,0,0,1,1,157,0,1,8,2016,2,6,8,0,1,3,98,3,SR-2316,,0,36.35579444,-79.898077780000,0,16,0,0,1,1,0,1,4,1,0,1,0,0000000,99,99,99,99,88,88,0,0,0,1,0
37,370775,1,1,0,0,0,7,7,159,0,3,8,2016,4,19,44,0,1,3,98,3,SR-152,,0,35.57406667,-80.572952780000,0,5,0,0,1,1,0,1,1,1,0,1,0,0000000,19,43,19,55,88,88,0,0,0,1,0
37,370776,1,1,0,0,0,2,2,159,4070,7,8,2016,1,19,50,0,2,7,98,6,OLD MOCKSVILLE RD,OVERHILL RD,0,35.70053056,-80.468011110000,0,1,0,0,3,2,0,4,3,1,0,1,0,0000000,99,99,99,99,88,88,0,0,0,2,1
37,370777,2,2,0,0,0,2,2,163,0,11,8,2016,5,18,50,0,1,3,98,3,SR-242,SR-1326,0,35.05383889,-78.495466670000,0,12,6,0,2,2,0,1,1,1,0,1,0,0000000,18,54,19,4,19,43,0,0,0,1,0
37,370778,1,1,0,0,0,1,1,179,0,2,8,2016,3,12,17,0,1,3,98,3,SR-1315,,0,34.99097778,-80.758502780000,0,42,0,0,1,1,0,4,1,1,0,1,0,0000000,11,25,11,38,88,88,0,0,0,1,0
37,370779,1,1,0,1,1,1,1,179,2290,15,8,2016,2,9,34,0,1,3,98,3,SR-1353,,0,99.99990000,999.999900000000,0,8,0,0,1,1,0,1,1,1,0,1,0,0000000,99,99,99,99,88,88,0,0,0,1,0
37,370780,1,1,0,0,0,1,1,183,3750,1,8,2016,2,1,17,0,2,7,98,6,EDENTON ST,WEST ST,0,35.78065278,-78.647508330000,0,19,0,0,3,10,0,4,3,2,0,2,0,0000000,1,19,1,21,88,88,0,0,0,1,1
37,370781,1,1,0,0,0,1,1,183,0,3,8,2016,4,6,2,1,1,1,1,1,I-40,,0,35.69162500,-78.573452780000,0,35,0,0,1,1,0,4,2,99,0,99,0,0000000,99,99,99,99,88,88,0,0,0,1,0
37,370782,2,2,0,0,0,2,2,183,4790,6,8,2016,7,21,57,0,2,3,98,3,SR-98,US-1,0,35.96529444,-78.542063890000,0,12,6,0,2,2,0,1,2,1,0,1,0,0000000,21,38,21,42,22,6,0,0,0,1,1
37,370783,3,3,0,0,0,3,3,183,3750,8,8,2016,2,20,25,1,2,1,1,1,I-540,,0,35.90244167,-78.777502780000,0,12,1,0,1,1,0,1,2,10,0,10,0,0000000,20,21,20,34,20,56,0,0,0,1,0
37,370784,1,1,0,0,0,2,2,191,0,16,8,2016,3,14,52,0,1,3,98,3,SR-1003,,0,35.31805278,-77.824944440000,0,43,0,0,1,1,0,4,1,1,0,1,0,0000000,14,50,15,1,15,18,0,0,0,1,1
37,370785,1,1,0,1,1,2,2,195,0,7,8,2016,1,4,27,0,1,3,98,3,SR-42,,0,35.72865556,-77.935447220000,0,8,0,0,1,1,0,1,2,1,0,1,0,0000000,14,21,14,27,88,88,18,0,0,1,0
37,370786,1,1,0,1,1,1,1,51,0,17,6,2016,6,3,57,0,1,3,98,3,SR-2012,,0,35.01364722,-78.792394440000,0,8,0,0,1,1,0,1,2,1,0,1,0,0000000,99,99,99,99,88,88,0,0,0,1,0
37,370787,1,1,0,1,1,1,1,157,3800,27,6,2016,2,21,3,0,2,7,98,6,FREEWAY DR,VANCE ST,0,36.35196667,-79.692788890000,0,8,0,0,2,2,0,1,2,10,0,10,0,0000000,21,4,21,7,21,43,0,0,0,1,0
37,370788,1,1,0,1,1,1,1,179,0,14,6,2016,3,3,45,0,1,3,98,3,SR-1937,,0,34.86327500,-80.553961110000,0,8,0,0,1,1,0,1,2,1,0,1,0,0000000,99,99,99,99,88,88,0,0,0,1,0
37,370789,1,1,0,0,0,1,1,19,2584,29,7,2016,6,16,1,0,2,7,98,6,LOW COUNTRY BLVD,,0,34.19374167,-78.033802780000,0,1,0,0,1,1,0,4,1,1,0,1,0,0000000,99,99,99,99,99,99,0,0,0,1,0
37,370790,2,2,0,0,0,3,3,51,1670,21,7,2016,5,1,12,0,2,7,98,6,CLIFFDALE RD,,0,35.06025833,-79.046791670000,0,12,8,0,1,1,0,1,2,1,0,1,0,0000000,1,15,1,20,88,88,0,0,0,1,1
37,370791,1,1,0,0,0,4,4,51,4440,31,7,2016,1,3,19,0,2,3,98,3,SR-24,,0,35.01740556,-78.709183330000,0,53,0,0,1,1,0,4,3,1,0,1,0,0000000,3,23,3,43,4,11,0,0,0,1,0
37,370792,2,2,0,0,0,3,3,183,3750,17,7,2016,1,12,48,0,2,7,98,6,N NEW HOP RD,BUFFALOE RD,0,35.83111944,-78.569147220000,0,12,6,0,2,2,0,1,1,1,0,1,0,0000000,12,40,12,45,12,55,0,0,0,1,0
37,370793,1,1,0,0,0,1,1,15,0,22,8,2016,2,3,46,0,1,3,98,3,SR-1260,,0,36.02901667,-76.983544440000,0,34,0,0,1,1,0,4,2,1,0,1,0,0000000,3,30,3,33,88,88,0,0,0,1,1
37,370794,1,1,0,0,0,1,1,19,0,28,8,2016,1,1,29,0,1,3,98,3,SR-904,,0,33.90090833,-78.488708330000,0,42,0,0,1,1,0,4,2,1,0,1,0,0000000,99,99,99,99,88,88,0,0,0,1,1
37,370795,2,2,0,0,0,5,5,27,2590,28,8,2016,1,15,1,0,2,7,98,6,MORGANTON BLVD,S MAIN ST,0,35.90525000,-81.535069440000,0,12,6,0,2,3,0,1,1,1,0,1,0,0000000,15,2,15,4,15,23,0,0,0,1,0
37,370796,1,1,0,1,1,1,1,43,0,9,8,2016,3,11,36,1,1,3,1,2,US-64,,0,35.03549167,-83.827472220000,0,8,0,0,1,1,0,1,1,2,0,2,0,0000000,11,20,11,23,12,2,0,0,0,1,0
37,370797,1,1,0,0,0,1,1,45,0,26,8,2016,6,16,58,0,1,3,98,3,SR-1850,,0,35.31986111,-81.558691670000,0,42,0,0,1,1,0,4,1,1,0,1,0,0000000,99,99,99,99,88,88,0,0,0,1,0
37,370798,2,2,0,0,0,2,2,49,0,19,8,2016,6,16,53,1,1,3,1,2,US-17,,99999,35.18936111,-77.051533330000,0,12,2,0,1,1,0,1,1,10,2,2,0,0000000,99,99,99,99,99,99,0,0,0,1,0
37,370799,2,2,0,0,0,2,2,63,1360,17,8,2016,4,14,51,0,2,7,98,3,SR-55,S ALSTON AVE,99999,35.97213889,-78.894447220000,0,12,6,0,2,2,0,1,1,1,0,1,0,0000000,14,51,14,57,88,88,0,0,0,1,0
37,370800,1,1,0,0,0,1,1,69,0,21,8,2016,1,15,37,0,1,3,98,3,SR-1235,,0,36.14913333,-78.329230560000,0,42,0,0,1,1,0,4,1,1,0,1,0,0000000,15,34,15,41,16,33,0,0,0,1,1
37,370801,5,5,0,0,0,7,7,81,0,18,8,2016,5,5,20,0,1,3,98,3,SR-68,,0,36.06820278,-79.959877780000,0,12,2,0,1,1,0,1,2,1,0,1,0,0000000,5,18,5,31,6,32,0,0,0,2,1
37,370802,1,1,0,0,0,2,2,81,0,23,8,2016,3,19,36,0,1,3,98,3,SR-2735,,0,36.17426389,-79.558050000000,0,1,0,0,1,1,0,4,1,1,0,1,0,0000000,19,32,19,47,20,21,0,0,0,1,0
37,370803,1,1,0,0,0,2,2,85,0,6,8,2016,7,2,24,0,1,3,98,3,SR-1500,,0,35.50030833,-78.710425000000,0,1,0,0,1,1,0,4,2,10,0,10,0,0000000,2,23,2,49,99,99,0,0,0,1,1
37,370804,1,1,0,0,0,4,4,85,0,28,8,2016,1,2,55,0,1,3,98,3,SR-1799,,0,35.31443056,-78.545863890000,0,1,0,0,1,1,0,4,2,1,0,1,0,0000000,2,52,2,59,88,88,0,0,0,1,1
37,370805,1,1,0,0,0,3,3,93,0,25,8,2016,5,20,33,1,1,3,1,2,US-401,,0,34.92481389,-79.323175000000,0,42,0,0,1,1,0,4,2,1,0,1,0,0000000,20,18,20,44,21,20,0,0,0,1,0
37,370806,2,2,0,0,0,4,4,109,0,1,8,2016,2,16,2,0,1,3,98,3,SR-73,,0,35.46945000,-81.172875000000,0,12,2,0,1,1,0,1,1,1,0,1,0,0000000,16,1,16,5,16,49,0,0,0,1,0
37,370807,1,1,0,0,0,1,1,117,0,25,8,2016,5,14,14,0,1,3,98,3,SR-171,,0,35.80944722,-76.897444440000,0,42,0,0,1,1,0,4,1,1,0,1,0,0000000,14,11,14,17,88,88,0,0,0,1,1
37,370808,1,1,0,0,0,1,1,119,870,14,8,2016,1,3,30,0,2,7,98,6,STEELE CREEK RD,,0,35.13783889,-80.977388890000,0,42,0,0,1,1,0,4,2,1,0,1,0,0000000,3,30,3,42,88,88,0,0,0,1,1
37,370809,2,2,0,0,0,2,2,119,870,18,8,2016,5,15,18,0,2,7,98,6,MT HOLLY RD,,0,35.29881389,-80.980163890000,0,12,2,0,1,1,0,1,1,1,0,1,0,0000000,15,18,15,30,15,59,0,0,0,1,0
37,370810,1,1,0,0,0,1,1,129,0,20,8,2016,7,13,32,1,1,3,1,2,US-74,,0,34.25216111,-77.956138890000,0,24,0,0,1,1,0,3,1,1,0,1,0,0000000,13,20,13,27,13,43,0,0,0,1,0
37,370811,2,2,0,0,0,3,3,135,0,18,8,2016,5,12,6,0,1,3,98,3,SR-86,,0,36.15369167,-79.126297220000,0,12,2,0,1,1,0,1,1,1,0,1,0,0000000,99,99,99,99,99,99,0,0,0,1,0
37,370812,1,1,0,0,0,2,2,141,0,21,8,2016,1,14,3,1,1,1,1,1,I-40,,0,34.55219444,-77.894011110000,0,1,0,0,1,1,0,4,1,1,0,1,0,0000000,14,1,14,8,99,99,0,0,0,1,0
37,370813,3,3,0,0,0,3,3,159,4070,20,8,2016,7,17,20,1,2,3,1,2,US-601,,0,35.64291111,-80.481825000000,0,12,2,0,1,1,0,1,1,1,0,1,0,0000000,17,20,17,27,17,51,0,0,0,1,0
37,370814,2,2,0,0,0,2,2,179,0,16,8,2016,3,16,58,0,1,3,98,3,SR-1004,SR-1520,0,35.10417500,-80.536588890000,0,12,6,0,2,2,0,1,1,1,0,1,0,0000000,99,99,99,99,99,99,0,0,0,1,0
37,370815,1,1,0,0,0,7,7,183,3750,21,8,2016,1,2,30,0,2,7,98,6,HIGHWOODS BLVD,,0,35.81889444,-78.601700000000,0,30,0,0,1,1,0,4,3,1,0,1,0,0000000,2,32,2,34,2,52,0,0,0,3,1
37,370816,1,1,0,1,1,1,1,183,1770,26,8,2016,6,22,13,1,2,1,1,1,I-40,,0,35.69818611,-78.578333330000,0,8,0,0,1,1,0,1,2,1,0,1,0,0000000,22,14,22,32,88,88,0,0,0,1,0
37,370817,1,1,0,0,0,1,1,187,0,19,8,2016,6,4,32,0,1,3,98,3,SR-99,,0,35.86615278,-76.749900000000,0,23,0,0,1,1,0,4,2,1,0,1,0,0000000,4,32,4,40,88,88,0,0,0,1,0
37,370818,1,1,0,0,0,1,1,191,0,8,8,2016,2,0,21,0,1,3,98,3,SR-1003,,0,35.31833056,-77.824944440000,0,42,0,0,1,1,0,4,2,1,0,1,0,0000000,0,18,0,25,1,20,0,0,0,1,1
37,370819,1,1,0,1,1,2,2,191,0,20,8,2016,7,20,54,0,1,3,98,3,SR-111,,0,35.43654722,-77.962686110000,0,8,0,0,1,1,0,1,2,10,0,10,0,0000000,20,57,21,13,21,42,0,0,0,1,0
37,370820,2,2,0,0,0,2,2,193,0,16,8,2016,3,13,17,0,1,3,98,3,SR-16,,0,36.11890556,-81.168436110000,0,12,2,0,1,1,0,1,1,10,0,10,0,0000000,13,15,13,19,13,51,0,0,0,1,0
37,370821,1,1,0,0,0,1,1,195,0,10,8,2016,4,15,5,0,1,3,98,3,SR-222,,0,35.60670278,-77.812733330000,0,58,0,0,1,1,0,4,1,1,0,1,0,0000000,14,59,15,14,15,54,0,0,0,1,0
37,370822,1,1,0,1,1,1,1,17,1470,29,6,2016,4,21,29,0,2,7,98,6,W BROAD ST,,0,34.63635278,-78.633000000000,0,8,0,0,1,1,0,1,2,1,0,1,0,0000000,21,31,21,38,21,50,0,0,0,1,0
37,370823,1,1,0,1,1,1,1,119,870,30,7,2016,7,2,15,0,2,7,98,6,ALBEMARBLE RD,LAWYERS RD,0,35.20285833,-80.723758330000,0,8,0,0,2,2,0,1,3,1,0,1,0,0000000,2,15,2,21,2,45,0,0,0,1,0
37,370824,2,2,0,0,0,3,3,17,0,13,8,2016,7,12,7,0,1,3,98,3,SR-1100,,0,34.55509722,-78.805144440000,0,12,8,0,1,1,0,1,1,1,0,1,0,0000000,12,0,12,21,12,42,0,0,0,1,0
37,370825,4,4,0,0,0,7,7,17,0,27,8,2016,7,15,44,1,1,3,1,2,US-701,,0,34.64620000,-78.587033330000,0,12,1,0,1,1,0,1,1,1,0,1,0,0000000,15,50,15,54,16,31,0,0,0,2,1
37,370826,2,2,0,0,0,3,3,19,0,21,8,2016,1,18,6,1,1,3,1,2,US-74,NC-140,0,34.23775833,-78.028705560000,0,12,6,0,2,3,0,1,1,1,0,1,0,0000000,18,2,18,8,18,40,0,0,0,1,0
37,370827,2,2,0,0,0,2,2,25,0,25,8,2016,5,20,45,0,1,3,98,3,SR-49,,0,35.32322222,-80.641508330000,0,12,2,0,1,1,0,1,1,1,0,1,0,0000000,20,43,20,59,99,99,0,0,0,1,0
37,370828,1,1,0,0,0,1,1,35,910,1,8,2016,2,11,58,0,2,3,98,3,SR-1709,,0,35.74530278,-81.154486110000,0,58,0,0,1,1,0,4,1,1,0,1,0,0000000,11,56,12,5,99,99,0,0,0,1,0
37,370829,1,1,0,0,0,1,1,45,0,30,8,2016,3,14,1,0,1,3,98,3,SR-1149,,0,35.23558056,-81.662675000000,0,42,0,0,1,1,0,4,1,1,0,1,0,0000000,13,50,13,57,88,88,0,0,0,1,0
37,370830,2,2,0,0,0,2,2,47,0,11,8,2016,5,13,42,0,1,3,98,3,SR-140,SR-1002,0,34.41608889,-78.817919440000,0,12,6,0,2,2,0,1,1,1,0,1,0,0000000,13,39,13,50,99,99,0,0,0,1,0
37,370831,1,1,0,0,0,1,1,51,1670,13,8,2016,7,1,14,0,2,2,98,6,MARTIN LUTHER KING,,0,35.05605278,-78.878186110000,0,24,0,0,1,1,0,4,2,1,0,1,0,0000000,1,14,1,22,1,29,0,0,0,1,0
37,370832,1,1,0,1,1,1,1,51,2250,26,8,2016,6,20,46,0,2,7,98,6,CUMBERLAND RD,,0,35.00546111,-78.966272220000,0,8,0,0,1,1,0,1,2,1,0,1,0,0000000,20,46,20,53,21,20,0,0,0,1,0