STATE,ST_CASE,VE_TOTAL,VE_FORMS,PVH_INVL,PEDS,PERNOTMVIT,PERMVIT,PERSONS,COUNTY,CITY,DAY,MONTH,YEAR,DAY_WEEK,HOUR,MINUTE,NHS,RUR_URB,FUNC_SYS,RD_OWNER,ROUTE,TWAY_ID,TWAY_ID2,MILEPT,LATITUDE,LONGITUD,SP_JUR,HARM_EV,MAN_COLL,RELJCT1,RELJCT2,TYP_INT,WRK_ZONE,REL_ROAD,LGT_COND,WEATHER1,WEATHER2,WEATHER,SCH_BUS,RAIL,NOT_HOUR,NOT_MIN,ARR_HOUR,ARR_MIN,HOSP_HR,HOSP_MN,CF1,CF2,CF3,FATALS,DRUNK_DR
37,371255,1,1,0,0,0,2,2,51,0,16,12,2016,6,14,18,0,1,3,98,3,SR-2233,,0,34.93813333,-78.813750000000,0,30,0,0,1,1,0,4,1,1,0,1,0,0000000,99,99,99,99,88,88,0,0,0,2,0
37,371256,2,1,1,0,0,1,1,59,0,19,12,2016,2,22,9,0,1,3,98,3,SR-1121,,0,35.82188889,-80.563852780000,0,1,0,0,1,1,0,4,2,1,0,1,0,0000000,99,99,99,99,88,88,0,0,0,1,0
37,371257,1,1,0,0,0,1,1,61,0,19,12,2016,2,22,24,0,1,3,98,3,SR-1146,,0,34.81778611,-78.029888890000,0,59,0,0,1,1,0,4,2,2,0,2,0,0000000,22,20,22,30,88,88,0,0,0,1,0
37,371258,1,1,0,0,0,2,2,63,1360,6,12,2016,3,23,53,1,2,3,1,2,US-15 BYP,,0,35.99639167,-78.896225000000,0,25,0,0,1,1,0,4,2,1,0,1,0,0000000,23,55,0,3,99,99,0,0,0,1,1
37,371259,2,2,0,0,0,2,2,63,0,29,12,2016,5,2,56,0,1,3,98,3,SR-147,,0,35.99136389,-78.906377780000,0,12,1,0,1,1,0,1,2,1,0,1,0,0000000,2,44,2,54,3,7,0,0,0,1,1
37,371260,1,1,0,0,0,1,1,65,0,3,12,2016,7,2,39,0,1,3,98,3,SR-1124,,0,35.80018333,-77.686405560000,0,32,0,0,1,1,0,4,2,1,0,1,0,0000000,2,28,2,38,88,88,0,0,0,1,1
37,371261,2,2,0,0,0,4,4,67,0,28,12,2016,4,17,17,0,1,3,98,3,SR-8,,0,36.18063333,-80.258405560000,0,12,2,0,1,1,0,1,1,1,0,1,0,0000000,17,17,17,36,99,99,0,0,0,1,0
37,371262,2,2,0,0,0,3,3,69,0,5,12,2016,2,15,11,0,1,3,98,3,SR-1717,,0,35.95942222,-78.300536110000,0,12,6,0,4,1,0,1,1,1,0,1,0,0000000,99,99,99,99,99,99,0,0,0,1,0
37,371263,2,2,0,0,0,4,4,77,0,30,12,2016,6,18,41,1,1,3,1,2,US-158,I-85 OFF RAMP,0,36.32293333,-78.596797220000,0,12,6,0,2,2,0,1,2,1,0,1,0,0000000,99,99,99,99,99,99,0,0,0,1,0
37,371264,2,2,0,0,0,2,2,71,0,21,12,2016,4,14,22,0,1,3,98,3,SR-1130,,0,35.19190556,-81.242258330000,0,12,2,0,1,1,0,1,1,1,0,1,0,0000000,14,20,14,25,99,99,0,0,0,1,0
37,371265,3,3,0,0,0,3,3,81,0,5,12,2016,2,11,57,1,1,1,1,1,I-85,,0,36.05916667,-79.661677780000,0,12,1,0,1,1,0,1,1,1,0,1,0,0000000,11,24,11,30,12,12,23,0,0,1,0
37,371266,2,2,0,0,0,2,2,81,0,7,12,2016,4,12,29,1,1,1,1,1,I-85,,0,36.05926944,-79.661461110000,0,12,1,0,1,1,0,1,1,1,0,1,0,0000000,12,20,12,31,13,12,23,0,0,1,0
37,371267,2,2,0,0,0,2,2,81,1940,16,12,2016,6,18,29,0,2,7,98,6,BENNETT ST,GORRELL ST,0,36.06643611,-79.777377780000,0,12,6,0,2,2,0,1,3,1,0,1,0,0000000,18,33,18,37,19,2,0,0,0,1,0
37,371268,2,2,0,0,0,5,5,81,1940,18,12,2016,1,4,41,1,2,1,1,1,I-40,,0,36.09058056,-79.991975000000,0,12,7,0,1,1,0,1,3,10,0,10,0,0000000,4,42,4,54,99,99,0,0,0,1,0
37,371269,2,2,0,0,0,3,3,81,0,18,12,2016,1,12,43,0,1,3,98,3,SR-1850,,0,36.08362500,-79.991691670000,0,12,2,0,1,1,0,1,1,2,10,2,0,0000000,12,40,12,48,99,99,0,0,0,2,0
37,371270,1,1,0,0,0,6,6,81,1940,22,12,2016,5,22,28,1,2,1,1,1,I-40,,0,36.08398611,-79.970763890000,0,1,0,0,1,1,0,4,2,10,0,10,0,0000000,22,29,22,31,22,56,0,0,0,1,0
37,371271,1,1,0,1,1,2,2,83,0,9,12,2016,6,21,8,1,1,3,1,2,US-158,,0,36.43373333,-77.636833330000,0,8,0,0,1,1,0,1,2,1,0,1,0,0000000,21,2,21,7,88,88,0,0,0,1,0
37,371272,1,1,0,0,0,1,1,83,0,26,12,2016,2,22,32,0,1,3,98,3,SR-1204,,0,36.27368611,-77.679513890000,0,1,0,0,1,1,0,4,2,10,0,10,0,0000000,22,29,22,44,88,88,0,0,0,1,1
37,371273,2,2,0,0,0,2,2,83,0,28,12,2016,4,18,17,1,1,1,1,1,I-95,,0,36.43260833,-77.629569440000,0,12,1,0,1,1,0,4,2,1,0,1,0,0000000,18,12,18,19,88,88,0,0,0,1,0
37,371274,1,1,0,0,0,1,1,85,0,8,12,2016,5,6,36,0,1,3,98,3,SR-1121,,0,35.24505833,-78.967588890000,0,26,0,0,1,1,1,1,2,1,0,1,0,0000000,99,99,99,99,88,88,0,0,0,1,1
37,371275,1,1,0,1,1,1,1,85,0,7,12,2016,4,6,10,0,1,3,98,3,SR-217,,0,35.30821111,-78.698927780000,0,8,0,0,1,1,0,1,2,5,0,5,0,0000000,99,99,99,99,99,99,0,0,0,1,0
37,371276,2,2,0,0,0,3,3,85,0,15,12,2016,5,7,30,0,1,3,98,3,SR-1532,SR-1516,0,35.43191667,-78.727777780000,0,12,6,0,2,2,0,1,4,1,0,1,0,0000000,99,99,99,99,99,99,0,0,0,1,0
37,371277,1,1,0,1,1,1,1,85,1560,26,12,2016,2,17,37,0,2,7,98,6,N 13TH ST,,0,35.33226944,-78.676061110000,0,8,0,0,1,1,0,1,3,1,0,1,0,0000000,99,99,99,99,99,99,23,0,0,1,1
37,371278,3,3,0,0,0,3,3,89,0,22,12,2016,5,19,56,0,1,3,98,3,SR-1127,,0,35.31135000,-82.459611110000,0,12,2,0,1,1,0,1,2,1,0,1,0,0000000,19,49,20,9,20,36,0,0,0,1,1
37,371279,1,1,0,0,0,1,1,91,0,30,12,2016,6,15,12,0,1,3,98,3,SR-11,,0,36.33833333,-76.998027780000,0,42,0,0,1,1,0,4,1,1,0,1,0,0000000,15,9,15,19,99,99,0,0,0,1,1
37,371280,1,1,0,0,0,1,1,93,0,24,12,2016,7,11,21,0,1,3,98,3,SR-1134,,0,34.94412222,-79.266708330000,0,35,0,0,1,1,0,4,1,1,0,1,0,0000000,99,99,99,99,88,88,0,0,0,1,0
37,371281,3,3,0,0,0,5,5,99,0,19,12,2016,2,17,53,0,1,3,98,3,SR-107,SR-281,0,35.27015556,-83.122705560000,0,12,6,0,2,3,0,1,2,1,0,1,0,0000000,99,99,99,99,99,99,0,0,0,1,0
37,371282,1,1,0,2,2,1,1,101,0,1,12,2016,5,8,24,0,1,7,98,6,BARBERRY DR,,0,35.52556944,-78.563036110000,0,8,0,0,1,1,0,1,1,1,0,1,0,0000000,8,22,8,27,9,14,0,0,0,1,0
37,371283,2,2,0,0,0,3,3,101,0,6,12,2016,3,1,32,1,1,1,1,1,I-40,,0,35.39261667,-78.520325000000,0,12,1,0,1,1,0,1,2,2,0,2,0,0000000,99,99,99,99,99,99,0,0,0,1,0
37,371284,1,1,0,0,0,1,1,101,0,26,12,2016,2,21,31,0,1,3,98,3,SR-1009,,0,35.45523611,-78.388891670000,0,42,0,0,1,1,0,4,2,2,0,2,0,0000000,99,99,99,99,88,88,0,0,0,1,1
37,371285,1,1,0,0,0,1,1,101,0,28,12,2016,4,18,32,0,1,3,98,3,SR-2309,,0,35.51119444,-78.245816670000,0,34,0,0,1,1,0,4,2,1,0,1,0,0000000,99,99,99,99,99,99,0,0,0,1,0
37,371286,1,1,0,0,0,1,1,101,0,29,12,2016,5,13,31,1,1,1,1,1,I-40,,0,35.39244167,-78.520366670000,0,38,0,0,1,1,0,4,1,10,0,10,0,0000000,99,99,99,99,88,88,0,0,0,1,0
37,371287,2,2,0,0,0,5,5,107,2450,2,12,2016,6,21,39,1,2,3,1,2,US-70,US-258,0,35.26331944,-77.642255560000,0,12,6,0,2,2,0,1,3,1,0,1,0,0000000,21,40,21,45,22,53,0,0,0,1,1
37,371288,2,2,0,0,0,2,2,111,2900,29,12,2016,5,12,2,0,2,7,98,6,N MAIN ST,,0,35.69536111,-82.023800000000,0,12,2,0,1,1,0,1,1,1,0,1,0,0000000,12,3,12,7,12,48,0,0,0,1,0
37,371289,1,1,0,0,0,1,1,113,0,4,12,2016,1,12,48,1,1,3,1,2,US-23,,0,35.16606944,-83.387925000000,0,42,0,0,1,1,0,4,1,2,0,2,0,0000000,12,48,13,1,88,88,0,0,0,1,0
37,371290,1,1,0,0,0,4,4,119,870,3,12,2016,7,16,41,0,2,7,98,6,GIBBON RD,,0,35.30432500,-80.816722220000,0,1,0,0,1,1,0,4,1,1,0,1,0,0000000,99,99,99,99,99,99,0,0,0,1,0
37,371291,2,2,0,0,0,3,3,119,870,5,12,2016,2,21,16,0,2,7,98,6,N TRYON ST,W T HARRIS BLVD,0,35.30562222,-80.749588890000,0,12,1,0,3,3,0,1,3,2,0,2,0,0000000,99,99,99,99,99,99,0,0,0,1,1
37,371292,1,1,0,0,0,1,1,119,870,6,12,2016,3,1,16,1,2,1,1,1,I-77,,0,35.21469167,-80.872713890000,0,26,0,0,1,1,0,3,3,2,0,2,0,0000000,99,99,99,99,88,88,0,0,0,1,1
37,371293,1,1,0,1,1,1,1,119,870,11,12,2016,1,23,58,0,2,7,98,6,E INDEPENDENCE BLVD,VILLAGE LAKE DR,0,35.16246111,-80.739600000000,0,8,0,0,2,2,0,1,3,10,0,10,0,0000000,99,99,99,99,88,88,0,0,0,1,0
37,371294,1,1,0,0,0,3,3,119,870,14,12,2016,4,23,50,1,2,1,1,1,I-85,,0,35.26692500,-80.872875000000,0,42,0,0,1,1,0,4,3,1,0,1,0,0000000,99,99,99,99,99,99,20,0,0,1,0
37,371295,1,1,0,0,0,1,1,119,870,17,12,2016,7,5,32,0,2,7,98,6,SHOPTON RD,,0,35.16350556,-80.934636110000,0,35,0,0,1,1,0,4,2,12,0,12,0,0000000,99,99,99,99,88,88,0,0,0,1,0
37,371296,1,1,0,0,0,1,1,119,870,17,12,2016,7,5,44,0,2,7,98,6,E WESTINGHOUSE BLVD,,0,35.11072222,-80.899947220000,0,1,0,0,1,1,0,4,3,10,0,10,0,0000000,99,99,99,99,88,88,0,0,0,1,0
37,371297,1,1,0,1,1,2,2,119,870,19,12,2016,2,4,18,1,2,1,1,1,I-85,,0,35.26653056,-80.874027780000,0,8,0,0,1,1,0,1,3,10,0,10,0,0000000,99,99,99,99,99,99,19,0,0,1,0
37,371298,2,2,0,0,0,3,3,119,870,30,12,2016,6,2,11,1,2,1,1,1,I-85,,0,35.26703056,-80.872616670000,0,12,2,0,1,1,0,1,3,1,0,1,0,0000000,99,99,99,99,99,99,0,0,0,2,1
37,371299,3,3,0,0,0,3,3,119,870,31,12,2016,7,3,37,1,2,1,1,1,I-85,,0,35.26710278,-80.872575000000,0,12,2,0,1,1,0,1,3,1,0,1,0,0000000,99,99,99,99,99,99,0,0,0,1,1
37,371300,1,1,0,0,0,1,1,123,0,5,12,2016,2,15,59,1,1,3,1,2,US-220 ALT,,0,35.39991667,-79.784269440000,0,42,0,0,1,1,0,4,1,1,0,1,0,0000000,16,0,16,7,88,88,0,0,0,1,0
37,371301,3,3,0,0,0,3,3,125,0,1,12,2016,5,14,45,0,1,3,98,3,SR-211,,0,35.17629167,-79.571663890000,0,12,2,0,1,1,0,1,1,1,0,1,0,0000000,99,99,99,99,88,88,0,0,0,2,0
37,371302,1,1,0,0,0,1,1,125,0,5,12,2016,2,3,58,0,1,3,98,3,SR-1853,,0,35.21394167,-79.376750000000,0,34,0,0,1,1,0,4,2,2,0,2,0,0000000,99,99,99,99,88,88,0,0,0,1,0
37,371303,1,1,0,1,1,2,2,125,10,12,12,2016,2,18,37,1,2,3,1,2,US-1,MAGNOLIA DRIVE,99999,35.15084722,-79.417858330000,0,8,0,0,3,3,0,1,2,1,0,1,0,0000000,99,99,99,99,99,99,0,0,0,1,0
37,371304,1,1,0,0,0,1,1,125,0,18,12,2016,1,2,58,0,1,7,98,4,CR-1281-TARRY CHURCH RD,,99999,35.36024167,-79.719669440000,0,42,0,0,1,1,0,4,2,2,0,2,0,0000000,99,99,99,99,99,99,0,0,0,1,0
37,371305,2,2,0,0,0,3,3,127,0,17,12,2016,7,12,51,0,1,4,98,3,SR-97,CR-1544-HALIFAX RD,99999,35.89165278,-77.864600000000,0,12,6,0,2,2,0,1,1,1,0,1,0,0000000,12,45,12,50,13,48,0,0,0,1,0
37,371306,1,1,0,0,0,5,5,127,3930,17,12,2016,7,6,14,1,2,1,1,1,I-95,,99999,35.96710833,-77.882041670000,0,24,0,0,1,1,0,4,2,12,0,12,0,0000000,6,13,6,39,99,99,0,0,0,2,0
37,371307,1,1,0,0,0,1,1,127,0,27,12,2016,3,13,55,1,1,3,98,2,US-264,,99999,35.80153889,-78.197936110000,0,34,0,0,1,1,0,3,1,10,0,10,0,0000000,13,54,14,5,88,88,0,0,0,1,0
37,371308,1,1,0,1,1,1,1,129,5060,30,12,2016,6,7,12,0,2,3,98,6,OLEANDER DRIVE,,99999,34.20817778,-77.860458330000,0,8,0,0,1,1,0,2,3,1,0,1,0,0000000,7,22,7,24,88,88,0,0,0,1,0
37,371309,1,1,0,0,0,1,1,135,860,13,12,2016,3,13,5,0,2,3,98,3,SR-54,,99999,35.90453611,-79.015030560000,0,18,0,0,1,1,3,4,1,1,0,1,0,0000000,12,44,12,52,13,4,0,0,0,1,0
37,371310,3,2,1,1,1,2,2,135,0,17,12,2016,7,1,53,1,2,1,1,1,I-40,,99999,35.98302500,-79.073230560000,0,24,0,0,1,1,0,4,2,12,0,12,0,0000000,1,50,2,1,88,88,19,0,0,1,1
37,371311,2,1,1,1,1,0,0,135,2190,26,12,2016,2,12,58,0,2,7,3,6,DOGWOOD BLOOM,,99999,99.99990000,999.999900000000,0,30,0,0,1,1,0,4,1,1,0,1,0,0000000,12,58,13,5,13,21,0,0,0,1,0
37,371312,1,1,0,0,0,1,1,137,4480,27,12,2016,3,11,26,0,1,7,4,6,PARADISE SHORES,,99999,35.13944722,-76.762258330000,0,34,0,0,1,1,0,4,1,10,0,10,0,0000000,11,26,11,42,99,99,0,0,0,1,1
37,371313,1,1,0,0,0,2,2,141,690,1,12,2016,5,10,38,1,2,2,1,2,US-421,,99999,34.64809722,-78.117038890000,0,52,0,0,1,1,0,4,1,1,0,1,0,0000000,10,38,10,44,88,88,0,0,0,2,0
37,371314,1,1,0,0,0,1,1,141,690,2,12,2016,6,11,28,0,2,7,4,6,WILLARD,,99999,34.69906667,-78.016352780000,0,35,0,0,1,1,0,4,1,1,0,1,0,0000000,11,18,11,21,88,88,0,0,0,1,1
37,371315,1,1,0,2,2,2,2,141,180,18,12,2016,1,17,51,0,1,7,4,6,BLUEBERRY RD,,99999,34.46092500,-78.099236110000,0,9,0,0,1,1,0,1,2,1,0,1,0,0000000,17,45,17,58,18,19,0,0,0,1,0
37,371316,1,1,0,0,0,1,1,141,690,25,12,2016,1,0,15,0,1,7,4,5,HORSE BRANCH RD.,,99999,34.58778889,-77.992897220000,0,34,0,0,1,1,0,4,2,1,0,1,0,0000000,88,88,88,88,88,88,0,0,0,1,0
37,371317,2,2,0,0,0,8,8,147,1950,3,12,2016,7,21,38,0,2,4,4,6,W. ARLINGTON BLVD,BEASLEY DR.,99999,35.60885000,-77.410527780000,0,12,2,0,2,2,0,1,3,1,0,1,0,0000000,21,28,21,30,21,47,0,0,0,1,1
37,371318,1,1,0,0,0,2,2,151,130,18,12,2016,1,1,8,0,1,7,4,6,PLEASANT VIEW,,99999,35.80073611,-79.923975000000,0,43,0,0,1,1,0,4,2,1,0,1,0,0000000,1,4,1,11,2,0,0,0,0,1,1
37,371319,2,2,0,0,0,2,2,153,0,9,12,2016,6,16,19,0,1,3,98,3,SR-1005,,0,35.01806667,-79.818330560000,0,12,2,0,1,1,0,1,1,1,0,1,0,0000000,16,20,16,27,99,99,0,0,0,1,0
37,371320,1,1,0,0,0,1,1,155,0,4,12,2016,1,7,5,1,1,1,1,1,I-95,,0,34.62221389,-79.055269440000,0,24,0,0,1,1,0,4,4,1,0,1,0,0000000,99,99,99,99,99,99,0,0,0,1,1
37,371321,2,2,0,0,0,3,3,155,0,9,12,2016,6,19,36,0,1,3,98,3,SR-711,,0,34.67293611,-79.183600000000,0,12,2,0,1,1,0,1,2,1,0,1,0,0000000,20,29,20,39,21,8,0,0,0,1,1
37,371322,2,2,0,0,0,3,3,155,0,21,12,2016,4,20,35,0,1,3,98,3,SR-1310,,0,34.83273056,-79.315441670000,0,12,6,0,8,1,0,1,2,1,0,1,0,0000000,19,26,19,58,20,29,0,0,0,1,0
37,371323,1,1,0,0,0,2,2,155,0,22,12,2016,5,9,15,0,1,3,98,3,SR-710,,0,34.80548333,-79.185669440000,0,34,0,0,1,1,0,4,1,1,0,1,0,0000000,9,15,9,22,10,55,0,0,0,1,0
37,371324,1,1,0,0,0,1,1,155,0,30,12,2016,6,15,46,0,1,3,98,3,SR-1563,,0,34.70411667,-79.164869440000,0,42,0,0,1,1,0,4,1,1,0,1,0,0000000,99,99,99,99,99,99,0,0,0,1,0
37,371325,1,1,0,0,0,1,1,157,0,1,12,2016,5,5,30,0,1,3,98,3,SR-150,,0,36.28528889,-79.592227780000,0,1,0,0,1,1,0,4,2,1,0,1,0,0000000,5,22,5,36,88,88,0,0,0,1,1
37,371326,2,2,0,0,0,2,2,157,0,10,12,2016,7,14,25,0,1,3,98,3,SR-1145,,0,36.39408611,-79.968886110000,0,12,2,0,1,1,0,1,1,1,0,1,0,0000000,99,99,99,99,99,99,0,0,0,1,1
37,371327,2,2,0,0,0,2,2,157,0,16,12,2016,6,19,32,1,1,3,1,2,US-29,,0,36.37133333,-79.677497220000,0,12,1,0,1,1,0,1,2,1,0,1,0,0000000,19,26,19,38,20,16,0,0,0,1,0
37,371328,2,2,0,0,0,3,3,159,0,16,12,2016,6,23,29,0,1,3,98,3,SR-1363,,0,35.52391667,-80.704913890000,0,12,6,0,1,1,0,1,2,10,0,10,0,0000000,99,99,99,99,99,99,0,0,0,1,1
37,371329,2,2,0,0,0,3,3,159,4070,22,12,2016,5,11,49,0,2,7,98,6,MOORESVILLE RD,SHERWOOD ST,0,35.66010556,-80.496622220000,0,12,6,0,2,2,0,1,1,1,0,1,0,0000000,11,49,11,56,12,50,0,0,0,1,0
37,371330,1,1,0,1,1,2,2,163,0,2,12,2016,6,20,46,0,1,3,98,3,SR-1845,,0,35.19610000,-78.364111110000,0,15,0,0,1,1,0,1,2,1,0,1,0,0000000,20,39,20,56,21,45,0,0,0,1,0
37,371331,1,1,0,0,0,1,1,163,0,21,12,2016,4,11,19,0,1,3,98,3,SR-1214,,0,34.99033333,-78.326791670000,0,1,0,0,1,1,0,1,1,1,0,1,0,0000000,11,16,11,23,88,88,0,0,0,1,0
37,371332,1,1,0,0,0,1,1,163,0,24,12,2016,7,16,21,0,1,3,98,3,SR-1414,,0,35.03156111,-78.623597220000,0,1,0,0,1,1,0,4,1,1,0,1,0,0000000,16,17,16,30,88,88,0,0,0,1,1
37,371333,1,1,0,0,0,1,1,167,0,1,12,2016,5,12,38,1,1,3,1,2,US-52,,0,35.33819167,-80.200016670000,0,34,0,0,1,1,0,4,1,1,0,1,0,0000000,12,32,12,36,13,2,0,0,0,1,1
37,371334,1,1,0,0,0,1,1,167,60,6,12,2016,3,5,59,0,2,7,98,6,SNUGGS PARK RD,,0,35.38891667,-80.211852780000,0,1,0,0,1,1,0,4,2,2,0,2,0,0000000,6,11,6,16,6,31,0,0,0,1,0
37,371335,2,2,0,0,0,2,2,171,0,4,12,2016,1,17,54,0,1,3,98,3,SR-1001,,0,36.39454444,-80.741791670000,0,12,2,0,1,1,0,1,2,2,10,2,0,0000000,17,53,18,2,19,15,0,0,0,2,0
37,371336,1,1,0,0,0,1,1,181,0,26,12,2016,2,0,11,0,1,3,98,3,SR-1519,,0,36.30447778,-78.363794440000,0,42,0,0,1,1,0,4,2,1,0,1,0,0000000,0,7,0,14,0,42,0,0,0,1,1
37,371337,1,1,0,0,0,2,2,183,0,1,12,2016,5,2,6,1,1,3,1,2,US-401,,0,35.70249722,-78.667500000000,0,34,0,0,1,1,0,4,2,1,0,1,0,0000000,2,4,2,13,88,88,0,0,0,1,0
37,371338,2,2,0,0,0,2,2,183,0,4,12,2016,1,19,14,0,1,3,98,3,SR-1007,,0,35.75233056,-78.497744440000,0,12,2,0,1,1,0,1,2,2,0,2,0,0000000,19,14,19,24,99,99,0,0,0,1,0
37,371339,1,1,0,1,1,1,1,183,3750,14,12,2016,4,23,35,0,2,7,98,6,WESTERN BLVD,HILLSBOROUGH ST,0,35.78581944,-78.725775000000,0,9,0,0,2,2,0,1,2,1,0,1,0,0000000,23,36,23,43,88,88,0,0,0,1,1
37,371340,3,3,0,0,0,4,4,183,3750,19,12,2016,2,11,19,0,2,7,98,6,GLENWOOD AVE,,0,35.84002778,-78.677016670000,0,12,2,0,1,1,0,1,1,10,0,10,0,0000000,11,20,11,27,11,44,0,0,0,1,1
37,371341,1,1,0,1,1,2,2,183,3750,27,12,2016,3,17,53,0,2,7,98,6,BLAND RD,OLLIE ST,0,35.84013056,-78.614286110000,0,8,0,0,3,3,0,1,3,1,0,1,0,0000000,17,46,17,55,88,88,0,0,0,1,0
37,371342,2,1,1,0,0,1,1,183,0,30,12,2016,6,9,49,1,1,3,98,2,US-1,,0,35.71175000,-78.877213890000,0,14,0,0,1,1,0,4,1,1,0,1,0,0000000,9,48,9,59,88,88,19,0,0,1,0
37,371343,1,1,0,0,0,3,3,183,0,30,12,2016,6,20,8,0,1,3,98,3,SR-2754,,0,35.52941389,-78.726986110000,0,42,0,0,1,1,0,4,2,1,0,1,0,0000000,20,8,20,25,21,6,0,0,0,1,0
37,371344,2,2,0,0,0,2,2,185,0,28,12,2016,4,14,24,0,1,3,98,3,SR-43,,0,36.29656111,-77.986186110000,0,12,6,0,8,1,0,1,1,1,0,1,0,0000000,14,10,14,24,88,88,0,0,0,1,1
37,371345,1,1,0,0,0,1,1,185,0,28,12,2016,4,22,36,0,1,3,98,3,SR-1521,,0,36.29434722,-77.984830560000,0,42,0,0,1,1,0,4,2,1,0,1,0,0000000,22,20,22,36,88,88,0,0,0,1,0
37,371346,2,2,0,0,0,3,3,191,1880,10,12,2016,7,23,29,0,2,7,98,6,S GEORGE ST,,0,35.38199444,-78.001008330000,0,12,1,0,1,1,0,1,3,1,0,1,0,0000000,23,56,0,3,0,17,0,0,0,1,1
37,371347,2,2,0,0,0,3,3,191,0,25,12,2016,1,16,8,0,2,3,98,3,SR-1238,SR-1239,0,35.40100000,-78.092272220000,0,12,6,0,2,2,0,1,1,1,0,1,0,0000000,15,56,16,13,16,53,0,0,0,1,0
37,371348,1,1,0,0,0,2,2,193,0,24,12,2016,7,23,9,0,1,3,98,3,SR-1706,,0,36.23832500,-81.144450000000,0,42,0,0,1,1,0,4,2,10,0,10,0,0000000,23,5,23,18,88,88,0,0,0,1,1
37,371349,2,2,0,0,0,3,3,199,710,22,12,2016,5,16,0,1,2,3,1,2,US-19,SR-197,0,35.91807500,-82.276838890000,0,12,6,0,7,1,0,1,1,1,0,1,0,0000000,16,23,16,29,17,4,0,0,0,1,0
37,371350,1,1,0,1,1,1,1,35,3300,18,9,2016,1,20,50,0,2,3,1,2,US-321,,99999,35.63668889,-81.297383330000,9,8,0,0,1,1,0,1,3,1,0,1,0,0000000,21,21,21,27,22,18,0,0,0,1,0
37,371351,1,1,0,0,0,2,2,101,930,29,10,2016,7,9,43,0,2,7,4,6,BLACK FOREST DR.,,99999,35.64258056,-78.414144440000,0,1,0,0,1,1,0,4,1,1,0,1,0,0000000,9,43,9,50,10,21,0,0,0,1,0
37,371352,1,1,0,1,1,1,1,31,350,16,11,2016,4,18,9,1,1,3,1,2,US-70,LENNOXVILLE RD,99999,34.71966111,-76.654744440000,0,8,0,0,1,1,0,1,3,1,0,1,0,0000000,99,99,99,99,99,99,0,0,0,1,0
37,371353,2,2,0,0,0,3,3,113,1710,20,11,2016,1,18,23,1,1,1,1,2,US-64,,99999,35.16538333,-83.431533330000,0,24,0,0,1,1,0,4,2,1,0,1,0,0000000,18,17,18,22,19,10,0,0,0,1,0
37,371354,2,2,0,0,0,2,2,155,2770,29,11,2016,3,17,49,0,1,7,4,6,POPES CROSSING,ALAMAC RD,99999,34.56686944,-79.001636110000,0,12,6,0,2,2,0,1,2,1,0,1,0,0000000,17,49,17,59,18,34,0,0,0,1,0
37,371355,2,2,0,0,0,2,2,193,5040,7,11,2016,2,22,13,1,2,2,1,2,US-421,,99999,36.14446944,-81.176691670000,0,12,1,1,17,1,0,1,3,1,0,1,0,0000000,22,13,22,17,22,52,0,0,0,1,0
37,371356,2,2,0,0,0,9,9,183,3750,13,12,2016,3,15,10,0,2,7,4,6,LYNN RD,VALLEY DR,99999,35.87273056,-78.674952780000,0,12,6,0,2,98,0,1,1,1,0,1,0,0000000,99,99,99,99,99,99,0,0,0,1,0
37,371357,1,1,0,0,0,2,2,193,5040,26,12,2016,2,23,20,0,1,4,3,5,FALLS RD,,99999,36.09326944,-81.186075000000,0,32,0,0,1,1,0,4,2,10,2,2,0,0000000,23,14,23,21,99,99,0,0,0,1,0